-- ============================================================
-- RESTAURACIÓN COMPLETA (DATOS DEMO) — sistema_asistencia
-- Generado: 2026-06-22 · Sanitizado para publicación: 2026-07-06
--
-- Nombres de empleados y vectores biométricos reemplazados por datos
-- sintéticos de demostración — no corresponden a personas reales.
-- Ver MEJORAS.md para más detalle sobre esta sanitización.
--
-- Orden: departamentos → empleados → asistencia → novedades
--        → biometria_facial
-- Uso:  mysql -u root -proot < restore_completo.sql
--   o:  SOURCE restore_completo.sql  (desde MySQL Workbench)
-- ============================================================

/*!40101 SET @OLD_CHARACTER_SET_CLIENT=@@CHARACTER_SET_CLIENT */;
/*!40101 SET @OLD_CHARACTER_SET_RESULTS=@@CHARACTER_SET_RESULTS */;
/*!40101 SET @OLD_COLLATION_CONNECTION=@@COLLATION_CONNECTION */;
/*!50503 SET NAMES utf8mb4 */;
/*!40103 SET @OLD_TIME_ZONE=@@TIME_ZONE */;
/*!40103 SET TIME_ZONE='+00:00' */;
/*!40014 SET @OLD_UNIQUE_CHECKS=@@UNIQUE_CHECKS, UNIQUE_CHECKS=0 */;
/*!40014 SET @OLD_FOREIGN_KEY_CHECKS=@@FOREIGN_KEY_CHECKS, FOREIGN_KEY_CHECKS=0 */;
/*!40101 SET @OLD_SQL_MODE=@@SQL_MODE, SQL_MODE='NO_AUTO_VALUE_ON_ZERO' */;
/*!40111 SET @OLD_SQL_NOTES=@@SQL_NOTES, SQL_NOTES=0 */;

-- ------------------------------------------------------------
-- BASE DE DATOS
-- ------------------------------------------------------------
CREATE DATABASE IF NOT EXISTS `sistema_asistencia`
  DEFAULT CHARACTER SET utf8mb4
  COLLATE utf8mb4_0900_ai_ci;

USE `sistema_asistencia`;

-- ============================================================
-- 1. DEPARTAMENTOS
-- ============================================================
DROP TABLE IF EXISTS `departamentos`;
CREATE TABLE `departamentos` (
  `id`           int          NOT NULL AUTO_INCREMENT,
  `nombre`       varchar(50)  NOT NULL,
  `hora_entrada` time         NOT NULL,
  `hora_salida`  time         NOT NULL,
  PRIMARY KEY (`id`)
) ENGINE=InnoDB AUTO_INCREMENT=5 DEFAULT CHARSET=utf8mb4 COLLATE=utf8mb4_0900_ai_ci;

LOCK TABLES `departamentos` WRITE;
/*!40000 ALTER TABLE `departamentos` DISABLE KEYS */;
INSERT INTO `departamentos` VALUES
  (1,'Recursos Humanos','08:00:00','17:00:00'),
  (2,'Tecnologia','09:00:00','18:00:00'),
  (3,'Ventas','10:00:00','19:00:00'),
  (4,'Operaciones','07:00:00','16:00:00');
/*!40000 ALTER TABLE `departamentos` ENABLE KEYS */;
UNLOCK TABLES;

-- ============================================================
-- 2. EMPLEADOS
-- ============================================================
DROP TABLE IF EXISTS `empleados`;
CREATE TABLE `empleados` (
  `id`               int           NOT NULL AUTO_INCREMENT,
  `codigo_empleado`  varchar(10)   NOT NULL,
  `nombre_completo`  varchar(100)  NOT NULL,
  `departamento_id`  int           DEFAULT NULL,
  `fecha_registro`   timestamp     NULL DEFAULT CURRENT_TIMESTAMP,
  `bio_enrolado`     tinyint(1)    DEFAULT '0',
  `activo`           tinyint(1)    DEFAULT '1',
  PRIMARY KEY (`id`),
  UNIQUE KEY `codigo_empleado` (`codigo_empleado`),
  KEY `departamento_id` (`departamento_id`),
  CONSTRAINT `empleados_ibfk_1` FOREIGN KEY (`departamento_id`) REFERENCES `departamentos` (`id`)
) ENGINE=InnoDB AUTO_INCREMENT=13 DEFAULT CHARSET=utf8mb4 COLLATE=utf8mb4_0900_ai_ci;

LOCK TABLES `empleados` WRITE;
/*!40000 ALTER TABLE `empleados` DISABLE KEYS */;
INSERT INTO `empleados` VALUES
  (1, '001',     'Empleado Demo 1',    2, '2026-06-16 02:12:12', 1, 0),
  (2, '002',     'Empleado Demo 2',    3, '2026-06-16 02:12:12', 0, 1),
  (3, '003',     'Empleado Demo 3',    4, '2026-06-16 02:13:44', 1, 1),
  (4, '004',     'Empleado Demo 4',    2, '2026-06-16 02:26:56', 1, 1),
  (5, '2566969', 'Empleado Demo 5',    3, '2026-06-16 21:12:47', 1, 1),
  (6, '9350572', 'Empleado Demo 6',    1, '2026-06-16 21:12:48', 0, 1),
  (7, '4159894', 'Empleado Demo 7',    2, '2026-06-16 22:56:04', 1, 1),
  (8, '3948750', 'Empleado Demo 8',    4, '2026-06-16 22:57:49', 1, 0),
  (9, '9462691', 'Empleado Demo 9',    1, '2026-06-17 01:13:41', 0, 0),
  (10,'9660819', 'Empleado Demo 10',   1, '2026-06-17 01:44:05', 1, 1),
  (11,'1140987', 'Empleado Demo 11',   4, '2026-06-23 01:24:21', 1, 1),
  (12,'1296737', 'Empleado Demo 12',   2, '2026-06-23 01:37:45', 1, 1);
/*!40000 ALTER TABLE `empleados` ENABLE KEYS */;
UNLOCK TABLES;

-- ============================================================
-- 3. ASISTENCIA
-- ============================================================
DROP TABLE IF EXISTS `asistencia`;
CREATE TABLE `asistencia` (
  `id`                int          NOT NULL AUTO_INCREMENT,
  `empleado_id`       int          NOT NULL,
  `fecha`             date         NOT NULL,
  `hora_entrada`      time         DEFAULT NULL,
  `hora_salida`       time         DEFAULT NULL,
  `minutos_retraso`   int          DEFAULT '0',
  `diferencia_salida` int          DEFAULT '0',
  `estado`            varchar(50)  DEFAULT 'Sin registro',
  `puerta`            varchar(60)  DEFAULT NULL,
  `sucursal`          varchar(60)  DEFAULT NULL,
  PRIMARY KEY (`id`),
  UNIQUE KEY `empleado_id` (`empleado_id`,`fecha`),
  CONSTRAINT `asistencia_ibfk_1` FOREIGN KEY (`empleado_id`) REFERENCES `empleados` (`id`)
) ENGINE=InnoDB AUTO_INCREMENT=13 DEFAULT CHARSET=utf8mb4 COLLATE=utf8mb4_0900_ai_ci;

LOCK TABLES `asistencia` WRITE;
/*!40000 ALTER TABLE `asistencia` DISABLE KEYS */;
INSERT INTO `asistencia` VALUES
  (1,  1,  '2026-06-15', '20:13:58', NULL,       673, 0,   'Retardo',            NULL,              NULL),
  (2,  2,  '2026-06-15', '10:15:00', '20:13:59', 0,   73,  'Jornada Finalizada', NULL,              NULL),
  (4,  3,  '2026-06-15', '20:27:34', NULL,        807, 0,   'Retardo',            NULL,              NULL),
  (5,  4,  '2026-06-15', '20:28:01', '20:28:01',  688, 148, 'Jornada Finalizada', NULL,              NULL),
  (8,  8,  '2026-06-16', '16:58:38', NULL,        598, 0,   'Retardo',            NULL,              NULL),
  (9,  1,  '2026-06-16', '19:13:23', NULL,        613, 0,   'Retardo',            'Puerta principal','CDMX'),
  (10, 10, '2026-06-16', '19:45:20', NULL,        705, 0,   'Retardo',            'Puerta principal','CDMX'),
  (11, 11, '2026-06-22', '19:25:35', NULL,        745, 0,   'Retardo',            'Puerta principal','Queretaro'),
  (12, 12, '2026-06-22', '19:38:59', NULL,        638, 0,   'Retardo',            'Puerta principal','CDMX');
/*!40000 ALTER TABLE `asistencia` ENABLE KEYS */;
UNLOCK TABLES;

-- ============================================================
-- 4. NOVEDADES
-- ============================================================
DROP TABLE IF EXISTS `novedades`;
CREATE TABLE `novedades` (
  `id`           int          NOT NULL AUTO_INCREMENT,
  `empleado_id`  int          NOT NULL,
  `tipo_novedad` enum('Permiso Personal','Vacaciones','Incapacidad Medica') NOT NULL,
  `fecha_inicio` date         NOT NULL,
  `fecha_fin`    date         NOT NULL,
  `notas`        text,
  `estado`       enum('Pendiente','Aprobado','Rechazado') DEFAULT 'Aprobado',
  PRIMARY KEY (`id`),
  KEY `empleado_id` (`empleado_id`),
  CONSTRAINT `novedades_ibfk_1` FOREIGN KEY (`empleado_id`) REFERENCES `empleados` (`id`)
) ENGINE=InnoDB AUTO_INCREMENT=2 DEFAULT CHARSET=utf8mb4 COLLATE=utf8mb4_0900_ai_ci;

LOCK TABLES `novedades` WRITE;
/*!40000 ALTER TABLE `novedades` DISABLE KEYS */;
INSERT INTO `novedades` VALUES
  (1, 1, 'Vacaciones', '2026-06-20', '2026-06-27', NULL, 'Aprobado');
/*!40000 ALTER TABLE `novedades` ENABLE KEYS */;
UNLOCK TABLES;

-- ============================================================
-- 5. BIOMETRIA_FACIAL
-- ============================================================
DROP TABLE IF EXISTS `biometria_facial`;
CREATE TABLE `biometria_facial` (
  `id`                  int       NOT NULL AUTO_INCREMENT,
  `empleado_id`         int       NOT NULL,
  `face_embedding`      json      NOT NULL,
  `fecha_enrolamiento`  datetime  DEFAULT CURRENT_TIMESTAMP,
  `fecha_actualizacion` datetime  DEFAULT NULL ON UPDATE CURRENT_TIMESTAMP,
  `activo`              tinyint(1) DEFAULT '1',
  PRIMARY KEY (`id`),
  UNIQUE KEY `empleado_id` (`empleado_id`),
  KEY `idx_empleado_activo` (`empleado_id`,`activo`),
  CONSTRAINT `biometria_facial_ibfk_1` FOREIGN KEY (`empleado_id`) REFERENCES `empleados` (`id`) ON DELETE CASCADE
) ENGINE=InnoDB AUTO_INCREMENT=11 DEFAULT CHARSET=utf8mb4 COLLATE=utf8mb4_0900_ai_ci
  COMMENT='Biometría facial — exclusivamente vectores numéricos. Política: cero almacenamiento de imágenes.';

LOCK TABLES `biometria_facial` WRITE;
/*!40000 ALTER TABLE `biometria_facial` DISABLE KEYS */;
-- Vectores sintéticos generados para fines de demostración (no corresponden a
-- rostros reales). Los vectores originales fueron reemplazados antes de
-- publicar el repositorio; el respaldo real permanece solo en local.
INSERT INTO `biometria_facial` VALUES
(1,1,'[0.069713, -0.237495, -0.112485, -0.138395, 0.118236, 0.08835, 0.19609, -0.206531, -0.039039, -0.235101, -0.140681, 0.002678, -0.236732, -0.150581, 0.074942, 0.022471, -0.13978, 0.044633, 0.154715, -0.246751, 0.15291, 0.09907, -0.079875, -0.17226, 0.228607, -0.081703, -0.203627, -0.201642, 0.173747, 0.051863, 0.153564, 0.114866, 0.018114, 0.236558, -0.060733, 0.02602, 0.164702, 0.05926, 0.180853, 0.038676, 0.102286, -0.227088, -0.136051, -0.105306, -0.210104, -0.133605, -0.199499, -0.111013, 0.067842, -0.067584, -0.06491, -0.145246, -0.116511, 0.218327, 0.074018, 0.054566, -0.164431, 0.114563, -0.168299, -0.060272, 0.244762, 0.07, 0.028475, 0.092307, 0.171426, 0.138, -0.135476, -0.23395, -0.092273, -0.11613, -0.144509, 0.221455, 0.188184, -0.092661, 0.077719, -0.052184, 0.207274, -0.020574, -0.11756, -0.126686, 0.030684, -0.118629, 0.042293, 0.198911, -0.0503, -0.14034, 0.248769, 0.004763, -0.204545, -0.226442, -0.195175, 0.063723, 0.14604, -0.03892, -0.218236, -0.05919, 0.248061, 0.014557, 0.235539, 0.18039, -0.244259, 0.110361, 0.090855, 0.018485, -0.116587, 0.070481, -0.194224, -0.032617, -0.023138, 0.226908, 0.187926, -0.118305, 0.000293, -0.160674, 0.206314, 0.185259, -0.100778, 0.069475, 0.054485, -0.17358, 0.131255, 0.01969, 0.139313, 0.015177, -0.249714, -0.087922, -0.240262, 0.214549]','2026-06-15 20:14:28','2026-06-16 19:43:48',0),
(2,3,'[0.189361, 0.165833, -0.096243, -0.221037, 0.189005, 0.223475, -0.207173, -0.007005, -0.215394, 0.130301, 0.132917, -0.185804, -0.012359, 0.024902, -0.117472, 0.186217, -0.038431, -0.144101, 0.019648, 0.114966, -0.149424, -0.094142, 0.247575, 0.074939, -0.03095, 0.008788, -0.189498, -0.137651, -0.080957, 0.044154, -0.134943, -0.139891, -0.214503, 0.065551, -0.135529, 0.20271, 0.179818, -0.214571, -0.130998, 0.084489, -0.142882, -0.183844, 0.217757, 0.035522, -0.013664, 0.14231, 0.153748, -0.154795, -0.201535, -0.034474, -0.038211, -0.016488, 0.114538, 0.086682, 0.242083, -0.200791, -0.048689, -0.080349, 0.180836, -0.125672, -0.154896, -0.025693, -0.039059, -0.110727, -0.125097, 0.211633, -0.028435, 0.180675, 0.025163, -0.224706, 0.249641, 0.168014, 0.234498, 0.213183, 0.174348, -0.166844, -0.007179, -0.143126, -0.04948, -0.220682, -0.060513, 0.242654, -0.117398, 0.142035, -0.022496, -0.038496, 0.228659, 0.247711, 0.027884, 0.109204, -0.172602, -0.101646, 0.234355, 0.03959, 0.021098, 0.123988, -0.221417, 0.042089, 0.001425, 0.17636, -0.171284, 0.230389, -0.209944, -0.157088, 0.047518, 0.087606, -0.132398, -0.190057, 0.195144, -0.126892, 0.04726, 0.059691, -0.040388, 0.041836, 0.011391, 0.217353, -0.14787, 0.108096, -0.130657, -0.052107, 0.085845, -0.100001, -0.091911, 0.125932, -0.213728, -0.020857, 0.249227, 0.248048]','2026-06-15 20:26:07',NULL,1),
(4,4,'[-0.21337, -0.143423, -0.1174, 0.21663, 0.190432, 0.189635, -0.065236, -0.171127, 0.166872, 0.10177, 0.055839, 0.243617, 0.076988, -0.246088, 0.158552, -0.100311, 0.081694, 0.219465, -0.182854, -0.192286, -0.196482, 0.026612, -0.113826, 0.052415, 0.108806, -0.148201, 0.067119, -0.118008, -0.005734, 0.202668, 0.173052, -0.203851, -0.038212, -0.11166, -0.248227, 0.13556, 0.068557, -0.119022, 0.120615, 0.02584, -0.036157, -0.245165, -0.212378, 0.191553, 0.201964, 0.022795, 0.167298, 0.041255, -0.175953, -0.186277, -0.095871, 0.199491, 0.148061, 0.180351, 0.199462, -0.144962, -0.125235, -0.198603, 0.140058, 0.192067, -0.046811, 0.060331, -0.172723, 0.214941, 0.182303, 0.238103, 0.155386, 0.190708, -0.237607, 0.118282, -0.083907, 0.215408, 0.151118, 0.182032, 0.155375, -0.116597, 0.143687, -0.195952, 0.186083, 0.179297, -0.138783, 0.158293, -0.019848, -0.097405, 0.147673, -0.136202, -0.238168, -0.153435, -0.085869, 0.182176, 0.233445, -0.110438, 0.070741, -0.050161, 0.240575, 0.018108, 0.219619, -0.192329, 0.2352, -0.160716, 0.231267, -0.117267, -0.195799, -0.032718, 0.114273, -0.093161, 0.053104, 0.005712, -0.057402, 0.038294, -0.122639, 0.104393, -0.249154, 0.212788, 0.019226, 0.109715, 0.120975, 0.085314, -0.067889, -0.215013, 0.082119, -0.0849, -0.093042, 0.174008, 0.109877, -0.099839, -0.095358, -0.045804]','2026-06-15 20:27:15',NULL,1),
(5,5,'[-0.0488, -0.102172, -0.186356, -0.039777, 0.220182, 0.088659, 0.201403, 0.057757, -0.099525, 0.023969, -0.249797, -0.106543, -0.035056, 0.039992, 0.077353, -0.017506, -0.02892, -0.143149, -0.013407, 0.20059, 0.148012, -0.165154, -0.207602, 0.007726, 0.06647, -0.082406, 0.159212, 0.125569, 0.086398, -0.13768, -0.150435, -0.237787, -0.127579, -0.012432, 0.174869, -0.213586, -0.042779, 0.064883, -0.152782, 0.098177, -0.002811, -0.128008, 0.078029, -0.247228, 0.125482, 0.135023, -0.196706, -0.037427, -0.162057, 0.228983, 0.008979, -0.224891, -0.125401, 0.174168, -0.021769, 0.150708, 0.083789, 0.243946, 0.047726, 0.22502, 0.195713, 0.056326, 0.109637, 0.002389, 0.165285, 0.023936, 0.198604, 0.121828, -0.012663, -0.120404, -0.12638, 0.068831, 0.132907, 0.01065, 0.063374, -0.112701, -0.211258, -0.107136, -0.114142, -0.090145, 0.020076, -0.180813, -0.134369, 0.096975, 0.10321, -0.217886, -0.0462, 0.021306, -0.042113, -0.146583, -0.039928, 0.202419, 0.04204, 0.097761, 0.178366, 0.132797, -0.059809, -0.247052, -0.074121, 0.126738, 0.176724, 0.226715, -0.040489, 0.123758, 0.023066, 0.051626, -0.139731, -0.140289, -0.032082, -0.235488, -0.081935, 0.089571, -0.047842, -0.167478, -0.016305, -0.186186, 0.061128, -0.236517, -0.05299, 0.032196, -0.236449, 0.071375, -0.18215, -0.019151, -0.224858, -0.060448, -0.14417, -0.086577]','2026-06-16 15:14:18',NULL,1),
(6,7,'[0.130615, -0.060437, 0.126005, 0.165962, -0.123864, -0.209047, -0.240308, 0.01971, 0.249954, -0.07502, 0.075072, 0.140617, 0.075877, 0.127117, 0.224806, -0.15032, -0.23981, -0.173809, -0.18689, 0.084729, 0.031985, -0.141018, 0.099732, 0.133449, -0.166105, 0.053624, 0.123963, -0.192734, 0.159651, 0.23236, -0.195951, -0.237161, -0.094021, 0.088674, 0.229086, -0.051673, 0.107507, -0.212002, 0.095307, 0.063621, -0.199049, 0.13624, 0.175147, 0.050206, -0.189472, 0.241922, 0.141318, -0.076398, -0.035811, -0.064715, 0.00298, -0.079384, 0.174788, 0.161165, -0.197231, 0.230394, 0.067793, 0.164354, 0.103654, -0.032256, 0.116898, 0.232737, -0.114959, 0.1541, 0.019086, -0.008251, -0.032213, 0.115513, -0.115802, 0.175857, 0.165366, -0.206669, 0.190816, -0.128068, -0.017646, 0.055166, -0.060505, -0.23565, 0.175476, -0.15908, -0.14394, 0.148916, -0.079831, 0.19016, 0.100592, -0.111866, -0.244924, 0.224031, -0.207194, 0.110037, -0.005711, 0.129082, 0.095305, 0.072951, -0.004589, 0.146466, -0.203473, -0.139202, 0.095894, -0.096897, 0.040778, -0.01337, 0.015461, -0.037248, 0.122968, -0.084604, 0.101427, -0.114542, -0.124298, -0.189672, -0.153708, -0.190223, 0.017932, 0.131095, -0.157425, -0.141808, -0.007901, 0.112293, 0.238304, 0.012318, -0.108501, -0.199737, -0.152941, -0.136258, -0.160279, -0.242926, 0.017068, -0.112844]','2026-06-16 16:56:27',NULL,1),
(7,8,'[0.237147, 0.026679, 0.098709, -0.18686, 0.184231, -0.004561, 0.18636, 0.037032, -0.015302, -0.029766, -0.157818, -0.224312, 0.220532, -0.011135, 0.161058, -0.049646, -0.212959, 0.064723, -0.223195, -0.175401, 0.03142, -0.098082, 0.246959, -0.190774, 0.132222, 0.053159, 0.14537, -0.137156, 0.011286, -0.024743, -0.028639, 0.180083, 0.245016, -0.09731, 0.060514, 0.054815, 0.120045, 0.223795, -0.146106, -0.144487, 0.080214, -0.171471, -0.163093, -0.212468, -0.248662, -0.024748, 0.046906, -0.10437, -0.134262, 0.103478, 0.101494, -0.022984, 0.093692, 0.211956, 0.143914, 0.062529, 0.080592, 0.216834, -0.037431, 0.022281, 0.073817, 0.204206, 0.163316, -0.214295, -0.167039, -0.096194, 0.124479, 0.034604, -0.105695, -0.187823, 0.094339, 0.099867, 0.221338, 0.000236, -0.003102, -0.209779, -0.23007, -0.033986, -0.088839, -0.124816, -0.204337, 0.230956, 0.167979, 0.0376, 0.225393, 0.249786, 0.086141, -0.115244, -0.229884, 0.128134, -0.01475, 0.075755, 0.208036, -0.159255, 0.042665, 0.067392, -0.004137, -0.204379, -0.076019, -0.083346, 0.085067, 0.178867, -0.085098, 0.096837, -0.105891, 0.222597, 0.156783, 0.025048, -0.022587, -0.092741, -0.088363, 0.235092, -0.047912, 0.007298, 0.24406, 0.07883, 0.021297, -0.043376, -0.156209, -0.06911, 0.128222, 0.062704, 0.129995, -0.148221, 0.02461, 0.213836, -0.030942, 0.099125]','2026-06-16 16:58:03',NULL,0),
(8,10,'[-0.189287, 0.236573, 0.054436, -0.130351, -0.170811, 0.02542, 0.026126, -0.203395, 0.246129, 0.206465, -0.019276, -0.191267, 0.166072, -0.000812, 0.108302, 0.004436, -0.113288, 0.167362, 0.240122, -0.128135, 0.025633, -0.058207, 0.210934, 0.00412, 0.189663, 0.182013, -0.111876, 0.145003, -0.042529, 0.217124, 0.003869, 0.160275, -0.108581, -0.100722, 0.043469, 0.249451, -0.00518, -0.175702, 0.01929, -0.077438, 0.025959, 0.021715, -0.022328, -0.089111, -0.155674, 0.098749, 0.035899, -0.133219, 0.137772, -0.228176, 0.122353, 0.102614, 0.155704, -0.056961, 0.081844, 0.160374, 0.240409, -0.002336, -0.23149, 0.001146, 0.04509, 0.18485, 0.187095, -0.029847, 0.012976, -0.021536, 0.111222, -0.045011, 0.077391, -0.172819, -0.015255, 0.234602, -0.080719, 0.096352, 0.074918, 0.175883, 0.176171, 0.179671, -0.059995, -0.091669, 0.109359, 0.129701, 0.186192, -0.23205, -0.21579, 0.065581, 0.210465, 0.248713, 0.123383, -0.033014, -0.200778, 0.066874, 0.18629, -0.028161, 0.097001, 0.201712, -0.227005, 0.148072, -0.103316, -0.062579, -0.177215, 0.015583, 0.032964, 0.14626, -0.165008, -0.210516, 0.18542, 0.059855, -0.129585, 0.206415, -0.178441, -0.019425, -0.123011, -0.122337, -0.245301, 0.152317, 0.200605, 0.088805, -0.171012, -0.029135, -0.077217, 0.043786, 0.069469, -0.037846, -0.124951, 0.172652, -0.150392, -0.057653]','2026-06-16 19:44:28',NULL,1),
(9,11,'[-0.008396, -0.131397, 0.035961, 0.037406, 0.246346, -0.102385, 0.238972, 0.079115, -0.11276, 0.032965, 0.0929, 0.122334, -0.225478, 0.053203, -0.001636, 0.202078, -0.106903, 0.14943, 0.053532, -0.07384, 0.068309, 0.060446, 0.088882, 0.110464, 0.079591, 0.169169, 0.064124, 0.201702, 0.07317, -0.095534, -0.029588, 0.039787, 0.11618, -0.204933, -0.102445, 0.12374, -0.16218, -0.18392, 0.019704, 0.235745, 0.015426, 0.206743, 0.165236, -0.121515, 0.162345, -0.009076, 0.153244, 0.12328, -0.080642, -0.192415, 0.231447, -0.179621, 0.23325, 0.18007, 0.112108, 0.239971, 0.233635, 0.152294, -0.067112, 0.145341, -0.243041, 0.018286, -0.022607, 0.086414, 0.08617, 0.04228, 0.161209, 0.220146, -0.195827, -0.133089, -0.237488, 0.192117, 0.030704, 0.207628, -0.139316, -0.218391, 0.161928, 0.204694, -0.098905, -0.045852, -0.180111, 0.223131, -0.097818, -0.003688, -0.201404, 0.19363, -0.182168, -0.023178, 0.085243, 0.12157, 0.222987, -0.040437, 0.121135, -0.172739, -0.042558, -0.200489, -0.005326, -0.045942, 0.225761, -0.233642, -0.064735, -0.028308, 0.225278, 0.177725, -0.200323, 0.09284, 0.022233, 0.238921, -0.070663, -0.05093, -0.155096, -0.18892, 0.174017, -0.022641, 0.081384, 0.070852, 0.048573, -0.239321, 0.143397, -0.128216, -0.187038, 0.032289, -0.215695, 0.132579, -0.146421, -0.142024, 0.184848, -0.08572]','2026-06-22 19:24:50',NULL,1),
(10,12,'[-0.176223, 0.200266, -0.248582, 0.179203, -0.177656, -0.185004, -0.124673, -0.162751, 0.080529, -0.23711, -0.24257, 0.144992, -0.131034, -0.088114, -0.162877, -0.2238, 0.120859, 0.013043, 0.122833, -0.011877, 0.139009, 0.006619, -0.195473, 0.001919, 0.222708, -0.228317, 0.141613, 0.18349, 0.010726, -0.020979, 0.232013, -0.219587, -0.010509, -0.049191, 0.093049, -0.004866, 0.20485, -0.213255, -0.209605, 0.054149, -0.217159, -0.112492, 0.066538, 0.024178, -0.087407, 0.247314, 0.015278, -0.023142, 0.052713, -0.200411, 0.10089, 0.176396, 0.075458, 0.134481, 0.11042, -0.142488, -0.024223, -0.135753, -0.080534, -0.023251, -0.042005, -0.202457, -0.036618, 0.082554, -0.062849, -0.173681, 0.211493, -0.216433, 0.165886, -0.203385, -0.201718, 0.119398, 0.155885, 0.028185, 0.043233, 0.030793, -0.085177, -0.188884, -0.073201, 0.08267, 0.125142, 0.184046, 0.11053, 0.234199, 0.050205, -0.074177, 0.038959, -0.143631, 0.078368, -0.137878, -0.195891, 0.172687, -0.066219, 0.131303, 0.03705, 0.153611, 0.172578, 0.237273, 0.159213, 0.056787, 0.07135, -0.236873, 0.214542, 0.16473, -0.116276, -0.159792, 0.101349, -0.095508, -0.080088, -0.246947, 0.184931, 0.033161, -0.049608, -0.179063, 0.066586, -0.234671, 0.123056, -0.142434, -0.040084, -0.079552, -0.064973, 0.110798, 0.138418, 0.033797, -0.207521, -0.223696, -0.171295, 0.058919]','2026-06-22 19:38:00',NULL,1);
/*!40000 ALTER TABLE `biometria_facial` ENABLE KEYS */;
UNLOCK TABLES;

-- ============================================================
-- RESTAURAR CONFIGURACIÓN ORIGINAL
-- ============================================================
/*!40103 SET TIME_ZONE=@OLD_TIME_ZONE */;
/*!40101 SET SQL_MODE=@OLD_SQL_MODE */;
/*!40014 SET FOREIGN_KEY_CHECKS=@OLD_FOREIGN_KEY_CHECKS */;
/*!40014 SET UNIQUE_CHECKS=@OLD_UNIQUE_CHECKS */;
/*!40101 SET CHARACTER_SET_CLIENT=@OLD_CHARACTER_SET_CLIENT */;
/*!40101 SET CHARACTER_SET_RESULTS=@OLD_CHARACTER_SET_RESULTS */;
/*!40101 SET COLLATION_CONNECTION=@OLD_COLLATION_CONNECTION */;
/*!40111 SET SQL_NOTES=@OLD_SQL_NOTES */;

-- Restauración completada.
-- Tablas: departamentos (4), empleados (12), asistencia (9),
--         novedades (1), biometria_facial (9)
